tweet_id_str,created_at,user_id_str,username,name,user_mentions,hashtags,location,lang,quote_count,views_count,favorite_count,reply_count,retweet_count,bookmark_count,media_url_https,tweet_url,relation_type,target_tweet_id_str,target_username,full_text
2012757624047980579,Sun Jan 18 12:23:07 +0700 2026,1508412715848855556,ArifAmi77199109,Amirong,@CaerulaAki,-,-,en,104,40012,2195,14,292,18,-,https://x.com/ArifAmi77199109/status/2012757624047980579,replied,2012692666132115565,CaerulaAki,@CaerulaAki That Time I Got Reincarnated as a Sawit
2010882497568260344,Tue Jan 13 08:12:02 +0700 2026,1745265761416056832,indepenSumatera,Sumatera Adil & Federal,-,-,england,in,102,329727,1145,362,296,65,https://pbs.twimg.com/media/G-gW-XuaoAA5iTT.jpg,https://x.com/indepenSumatera/status/2010882497568260344,-,-,-,"JIKA SUMATRA MERDEKA ‼️‼️‼️  Sumatera punya sumber daya alam super melimpah + posisi geografis strategis, kalau lepas dari Indonesia dan kelola sendiri, dalam 5–10 tahun bisa jadi negara maju macam Malaysia atau bahkan mendekati Singapura."" Mari kita bedah secara realistis (data ~2024–2025).  Potensi Ekonomi & Kekuatan Keras (Hard Power)  Jika seluruh Sumatera (10 provinsi) dijadikan satu negara berdaulat, posisinya kurang lebih seperti ini:  Populasi: ~62–65 juta jiwa (2025–2026) → ranking ~23–25 dunia (lebih besar dari Myanmar, hampir seukuran Inggris + Irlandia gabung)  Luas wilayah: ~473.000 km² → lebih besar dari Thailand, Vietnam, Malaysia  GDP agregat estimasi kasar 2024–2025: ~US$ 450–800 miliar (tergantung kurs & metodologi) Riau + Kepri saja sudah ~US$ 90–100 miliar+ Sumut ~US$ 45–50 miliar Sumsel + Jambi + Bengkulu + Lampung + Aceh + Sumbar + Babel → sisanya  GDP per kapita rata-rata: ~US$ 7.900–.10.500   Sumber daya utama:Minyak & gas → masih besar (terutama Riau, Sumsel, Aceh)  Batu bara → salah satu cadangan terbesar dunia  Sawit → ~40–45% produksi nasional (Sumatera = raja sawit dunia)  Karet, kopi, kakao, timah, nikel (Babel), dll.  Lokasi: Selat Malaka (jalur perdagangan termahal di dunia), berhadapan langsung dengan Singapura & Malaysia  Kalau dikelola dengan baik (korupsi rendah,pajak efisien, reinvestasi ke infrastruktur & SDM), potensi upper-middle income (seperti Malaysia saat ini ~US$ 12.000–14.000 per kapita) dalam 5–10 tahun sangat mungkin."
2011838502321995968,Thu Jan 15 23:30:51 +0700 2026,1257949179990560769,rockstarstae,jeha☽ ᴬᴿᴵᴿᴬᴺᴳ,-,-,human • 🔕 • slow in dm  • 아포방,in,29,30375,2012,32,235,19,-,https://x.com/rockstarstae/status/2011838502321995968,-,-,-,"diliat2 lg album bts sepolos itu, jangan sampe di tanemin sawit..."
2008096389126029436,Mon Jan 05 15:41:02 +0700 2026,1835018805422309376,ArjunaArkana,Arjuna Arkana ☀️【PANDAVVA】,-,-,Pikiranmu,in,45,45798,620,38,87,14,https://pbs.twimg.com/media/G94t4m2bUAAr1cD.jpg,https://x.com/ArjunaArkana/status/2008096389126029436,replied,2008058164869239289,ArjunaArkana,"Aww, nungguin ya? Aku kagum sama kegigihanmu buat melihat sepatuku.    Mumpung aku nganggur dan banyak lahan kosong and because you've been so good, aku mau nepatin janji.      Jadi, mau nanam sawit di mana? This one’s on the house. https://t.co/QxXIx3aaD6"
2006689832442163415,Thu Jan 01 18:31:53 +0700 2026,1844244625214799873,nakajena,',@starfess,-,꣑୧,en,14,25025,830,19,28,2,-,https://x.com/nakajena/status/2006689832442163415,replied,2006666236780794153,starfess,@starfess J-hope - Sawit Dreams😭😭
2016170898794090893,Tue Jan 27 22:26:15 +0700 2026,1263434722203426816,tegarajasih,Kelebihan Tramadol,@sosmedkeras,-,"Matraman, Indonesia",in,0,22349,829,2,7,1,-,https://x.com/tegarajasih/status/2016170898794090893,replied,2016168386808729652,sosmedkeras,"@sosmedkeras Pasti bahagia soalnya menurut data dari pelayan sawit, warga Indonesia paling bahagia."
2021074661086462357,Tue Feb 10 11:12:03 +0700 2026,1159689173340585984,__AnakKolong,| A K |,@prabowo,-,Wherever you're not lookin',in,8,13283,331,59,114,11,https://pbs.twimg.com/media/HAxMsWZaAAIjCzr.jpg,https://x.com/__AnakKolong/status/2021074661086462357,-,-,-,"Meskipun @prabowo sudah purnawirawan, tapi ada satu hal yg tak pernah beliau lakukan yaitu:   MENCABUT SUMPAH PRAJURITNYA.  Maka, tegas sy sampaikan bhw; Prabowo adalah patriot yg ikhlas, konsisten, mengutamakan keperwiraan dlm melaksanakan tugas, senantiasa siap sedia berbhakti kepada nusa & bangsa, anti - asing, setia & menepati sumpah prajurit.  VALID NO DEBAT !!  Beliau, pasti tidak senang dgn hasil survei ini, krn keikhlasan & keperwiraannya dlm menjalankan tugas tak bisa dinilai dgn hasil survei kepuasan publik.  _________  Tp, itu narasi jika (misalnya) sy adalah pendukung garis keras beliau. 😁 _________  Antartika memang bukan tempat survei bohong, tapi satu tempat di mana akal sehat dibekukan, lalu dicairkan lagi pada angka 79,9%.  Konsistensi itu penting, tp kekuasaan tak pernah memilikinya, spy penguasa bisa sebebas - bebasnya memilih angka mana yg harus dipercaya hari ini.  Dan hari ini, Prabowo adalah ;  PRESIDEN YANG BERKUASA,   atas proyek MBG, sawit, & hajat hidup orang banyak, serta gemar mengukur segala sesuatu, termasuk nyawa manusia dgn angka² statistik. . . 😁🍻"
2016087297490563582,Tue Jan 27 16:54:03 +0700 2026,1451692249918570497,B4n6_H4n5,PeJaBaT,-,-,-,in,8,38361,258,50,70,33,https://pbs.twimg.com/ext_tw_video_thumb/2016087190489726978/pu/img/JCZyC6SInK01pwiQ.jpg,https://x.com/B4n6_H4n5/status/2016087297490563582,-,-,-,Petani Sawit di Kalimantan Tengah ini sekali beli Mobil langsung 15 Unit dan dibayar Tunai pakai uang Cash... https://t.co/EVunUWTzVQ
2015290730022047861,Sun Jan 25 12:08:46 +0700 2026,1528150979061096449,Oliviacindyy007,Cindyy,-,-,-,in,0,22314,516,25,13,23,https://pbs.twimg.com/media/G_fAPSXbwAE-r5u.jpg,https://x.com/Oliviacindyy007/status/2015290730022047861,-,-,-,Wekkend nya menjelajah kebun sawit🤣🤣 https://t.co/S3KO5QMlOb
2024836351334678894,Fri Feb 20 20:19:40 +0700 2026,872923164472262656,wisheartss,ecaa🕊️ | kinda ia,-,-,-,in,17,2601,289,23,72,5,https://pbs.twimg.com/ext_tw_video_thumb/2024836309412687872/pu/img/Ay023lRLzHq_aL7t.jpg,https://x.com/wisheartss/status/2024836351334678894,-,-,-,"makasih ide nya kak, semoga banyak yang cinta lagu rude seperti anu mencintai sawit🥰🙏🏻 https://t.co/3zmq5eFHw6"
2023941455086289338,Wed Feb 18 09:03:40 +0700 2026,1931372491295100928,Zo_2419,Zo,@tempodotco,#TempoThread,-,in,0,0,0,0,38952,0,-,https://x.com/Zo_2419/status/2023941455086289338,retweeted,1877347362806411419,tempodotco,"RT @tempodotco: #TempoThread   Presiden Prabowo berencana memperluas lahan sawit dan mengorbankan pohon hutan.   Katanya, sawit juga pohon yang dapat menyerap karbondioksida🌳  Tapi, emang pohon sawit dan pohon hutan itu beneran sama, ya?🤷‍♀️  A Thread https://t.co/fpdzLynOZD"
2023345923041169678,Mon Feb 16 17:37:14 +0700 2026,1725066648707813376,ohlalababy0606,"RIP, my cat",@tempodotco,#TempoThread,in the middle of nowhere,in,0,0,0,0,38952,0,-,https://x.com/ohlalababy0606/status/2023345923041169678,retweeted,1877347362806411419,tempodotco,"RT @tempodotco: #TempoThread   Presiden Prabowo berencana memperluas lahan sawit dan mengorbankan pohon hutan.   Katanya, sawit juga pohon yang dapat menyerap karbondioksida🌳  Tapi, emang pohon sawit dan pohon hutan itu beneran sama, ya?🤷‍♀️  A Thread https://t.co/fpdzLynOZD"
2022373788458144001,Sat Feb 14 01:14:19 +0700 2026,1104024066703290368,rafdhino369,Riff,@BuruhSiluman,-,-,in,0,0,0,0,17696,0,https://pbs.twimg.com/media/G77ZU0jbMAA-MQh.jpg,https://x.com/rafdhino369/status/2022373788458144001,retweeted,1999274407630614802,BuruhSiluman,"RT @BuruhSiluman: Kompas hari ini. FYI, perkebunan sawit itu yg berwarna kuning. https://t.co/nNb97ltBi9"
2022895206845346070,Sun Feb 15 11:46:15 +0700 2026,1174747136,crystanousta,ꪔ̤̮✩𓍼𓈒 𓂂 𓏸🍉,@BuruhSiluman,-,-,in,0,0,0,0,17694,0,https://pbs.twimg.com/media/G77ZU0jbMAA-MQh.jpg,https://x.com/crystanousta/status/2022895206845346070,retweeted,1999274407630614802,BuruhSiluman,"RT @BuruhSiluman: Kompas hari ini. FYI, perkebunan sawit itu yg berwarna kuning. https://t.co/nNb97ltBi9"
2023178034933834112,Mon Feb 16 06:30:07 +0700 2026,760152803020906496,MalinParmato7,"Rizky Ferian, S.P., Malin Parmato",@NarasiNewsroom,-,Kota Payakumbuh,in,0,0,0,0,10241,0,-,https://x.com/MalinParmato7/status/2023178034933834112,retweeted,1832292065457344906,NarasiNewsroom,"RT @NarasiNewsroom: Sebuah video mengharukan yang memperlihatkan pertemuan seorang ibu dengan buah hatinya di balik jeruji tahanan, viral di media sosial.  Ibu tersebut, Tina Rambe, terlihat memeluk erat anak balitanya. Ia ditangkap karena menolak pengoperasian pabrik kelapa sawit di Kabupaten Labuhanbatu, Sumatera Utara, pada Senin (20/5/2024) lalu.  Kala itu, ratusan warga Kelurahan Pulopadang, Kecamatan Rantau Utara, Kabupaten Labuhanbatu, melakukan aksi menolak pengoperasian Pabrik Kelapa Sawit (PKS) PT PPSP karena lokasinya berdekatan dengan pemukiman mereka. Warga khawatir pabrik itu menyebabkan pencemaran lingkungan dan kebisingan dari mesin-mesin yang dioperasikan.  Dalam video yang viral itu, terlihat Sang Ibu (Tina Rambe) menahan tangis sambil mencium dan memeluk buah hatinya, sambil tetap berusaha menenangkannya. ""Jangan sedih,"" ucapnya seraya menghapus air mata di pipi sang anak.  | Narasi Daily"
2013448731853742590,Tue Jan 20 10:09:20 +0700 2026,1040306964100669440,NenkMonica,𝕸𝖔𝖓𝖎𝖈𝖆 ᴼᶠᶠⁱᶜⁱᵃˡ,-,-,"Bandung, Indonesia",in,75,142388,8247,139,4907,263,https://pbs.twimg.com/ext_tw_video_thumb/2013448510687805440/pu/img/-oo8zh7TOqKaE5J9.jpg,https://x.com/NenkMonica/status/2013448731853742590,-,-,-,"WARGA ADAT SORONG DIPAKSA SERAHKAN 700 Ha TANAH UNTUK SAWIT.  Ancaman ekspansi sawit di Papua kembali mencuat. Senin (19/1/2026) sore, seorang perwakilan yang mengaku dari PT Inti Kebun Sejahtera (IKSJ) mendatangi warga adat di Distrik Moi Segen, Kabupaten Sorong, Papua Barat Daya, dan meminta penyerahan wilayah adat marga Klagilit Maburu seluas 700 hektar untuk kebun sawit. Perusahaan ini disebut telah beroperasi sejak 2007/2008.  IKSJ diketahui merupakan anak usaha Ciliandry Anky Abadi, grup sawit milik keluarga Fangiono. Perwakilan perusahaan bernama Algius dilaporkan telah beberapa kali mendekati warga, meski penolakan telah disampaikan berulang. Warga menyebut pendekatan dilakukan dengan ""janji manis"" yang dinilai mengancam kerukunan marga dan keberlanjutan hutan adat. ~suaraakarrumputt~"
2009972162208334240,Sat Jan 10 19:54:41 +0700 2026,1181212535896170496,camateldia,Awan,@talkiefess,-,-,in,350,285869,14304,256,1294,83,-,https://x.com/camateldia/status/2009972162208334240,replied,2009899281587577185,talkiefess,@talkiefess Lu mau nanem sawit apa gimana?
2009640556738302262,Fri Jan 09 21:57:00 +0700 2026,1748710927841824768,gwreog,SAN,-,-,-,en,142,100667,10781,67,2125,602,https://pbs.twimg.com/media/G-Otb57agAAcWJB.jpg,https://x.com/gwreog/status/2009640556738302262,-,-,-,bbb sawit https://t.co/zYwxa9hWBB
2010389850785226857,Sun Jan 11 23:34:26 +0700 2026,795498951336075264,SammiSoh,Pemerhati Hukum Emperan,-,#SelamatkanPapua,-,in,36,166198,8280,63,3124,315,https://pbs.twimg.com/ext_tw_video_thumb/2010389816844947459/pu/img/g6eRxJ6i3b8ehaV-.jpg,https://x.com/SammiSoh/status/2010389850785226857,-,-,-,"Bakal Tergusur oleh Iblis Sawit  Suku Korowai di pedalaman Papua dikenal dgn rumah pohon setinggi hingga 40 meter. Dibangun dari kayu, bambu, dan daun sagu tanpa alat modern, rumah ini melindungi dari banjir dan hewan buas serta melambangkan kedekatan dgn alam  #SelamatkanPapua https://t.co/NoR6R6Qxs6"
2011748701795205378,Thu Jan 15 17:34:01 +0700 2026,1067381854993444864,aiukimaru,a i u 🌱,-,-,-,in,501,128154,8226,389,1599,326,https://pbs.twimg.com/amplify_video_thumb/2011747795431276552/img/S25HjH0osL6D4wOZ.jpg,https://x.com/aiukimaru/status/2011748701795205378,-,-,-,"""Nanti ada lima layar. Member dibawa dari atas, jadi di lagu ON kita bisa praktek koreo memutar. Begitu lagu selesai, drum diangkut keluar.""  ""Berarti di IDOL, penarinya muncul dari tiga arah?""  ""Nah, cocok. Terus sebelah sana masih ada ruang kosong, kan? Kita bisa tanami sawit."" https://t.co/dQUqRwxwN0"
2022018978944831581,Fri Feb 13 01:44:26 +0700 2026,1781143961199132672,AntarsanaExo,Antarsana Exotica,@NenkMonica,-,-,in,0,0,0,0,4907,0,-,https://x.com/AntarsanaExo/status/2022018978944831581,retweeted,2013448731853742590,NenkMonica,"RT @NenkMonica: WARGA ADAT SORONG DIPAKSA SERAHKAN 700 Ha TANAH UNTUK SAWIT.  Ancaman ekspansi sawit di Papua kembali mencuat. Senin (19/1/2026) sore, seorang perwakilan yang mengaku dari PT Inti Kebun Sejahtera (IKSJ) mendatangi warga adat di Distrik Moi Segen, Kabupaten Sorong, Papua Barat Daya, dan meminta penyerahan wilayah adat marga Klagilit Maburu seluas 700 hektar untuk kebun sawit. Perusahaan ini disebut telah beroperasi sejak 2007/2008.  IKSJ diketahui merupakan anak usaha Ciliandry Anky Abadi, grup sawit milik keluarga Fangiono. Perwakilan perusahaan bernama Algius dilaporkan telah beberapa kali mendekati warga, meski penolakan telah disampaikan berulang. Warga menyebut pendekatan dilakukan dengan ""janji manis"" yang dinilai mengancam kerukunan marga dan keberlanjutan hutan adat. ~suaraakarrumputt~"
2017075005939740970,Fri Jan 30 10:18:51 +0700 2026,843269533930405888,unmagnetism,unmag,-,-,-,in,42,261753,8357,155,1547,97,-,https://x.com/unmagnetism/status/2017075005939740970,quoted,2016482745422422311,forbitemeeee,ga semua kok ada juga yg suka sawit
2023379709158138175,Mon Feb 16 19:51:29 +0700 2026,1188487693316943872,Hipocrishitt,♿,-,-,soc,in,18,88079,7404,49,1122,112,https://pbs.twimg.com/media/HBR9HyWa4AAJTuD.jpg,https://x.com/Hipocrishitt/status/2023379709158138175,quoted,2023363114125926859,coffebit,2. Makan sawit https://t.co/bKvFaiFLF5
2009513704904380514,Fri Jan 09 13:32:56 +0700 2026,34632273,KuntoAjiW,ᗰ ᘔ K ᑌ ᑎ,-,-,-,in,77,169709,6366,75,617,253,https://pbs.twimg.com/media/G-M6D6-aUAA7BQf.jpg,https://x.com/KuntoAjiW/status/2009513704904380514,-,-,-,"Gelang URUP kemaren bisa ditanam. Bekerja sama dengan @seedpaperindonesia 🌱 Jangan cuma ditanam ya, tapi dirawat.   Kalo ga dirawat nanti numbuhnya Sawit. https://t.co/3ohR8IcbGj"
2013234603214205013,Mon Jan 19 19:58:28 +0700 2026,1022010146116055040,nakata_official,nakata07,-,-,-,in,0,184273,6056,44,319,839,https://pbs.twimg.com/media/G_ByHq5XAAAGH7g.jpg,https://x.com/nakata_official/status/2013234603214205013,-,-,-,kebun kelapa sawit mane ni? https://t.co/JshGSSPWfV
2012756461185900875,Sun Jan 18 12:18:30 +0700 2026,23343960,kompascom,Kompas.com,-,#AniesBaswedan;#Sawit,Jakarta,in,47,116394,3614,89,698,85,https://pbs.twimg.com/media/G-6_UuxWwAEfGXd.jpg,https://x.com/kompascom/status/2012756461185900875,-,-,-,"Mantan Gubernur DKI Jakarta Anies Baswedan menyinggung pihak yang menyebut kalau pohon sawit itu sama dengan pohon yang lain karena sama-sama bisa menyerap karbon.   “Kita sering dengar argumen bahwa semua pohon kan sama. Sama-sama ada daunnya dan sama-sama bisa menyerap karbon,” kata Anies.  Anies mengatakan, secara teknis, pohon sawit dengan pohon-pohon di hutan tropis memang sama-sama bisa fotosintesis dan menyerap air. Tapi, kemampuan masing-masing pohon untuk melakukan ini sangat berbeda.  “Ya secara teknis memang benar, sawit pun memang melakukan fotosintesis. Tetapi, apakah berarti perkebunan sawit bisa menggantikan hutan hujan tropis? Jawabannya tegas, tidak bisa,” lanjut Anies.  Baca di: https://t.co/w9jGHXx6c9   | #AniesBaswedan #Sawit"
2010224258375684135,Sun Jan 11 12:36:26 +0700 2026,1663888435147575296,idrinkbooba,shxlby,-,-,-,en,27,91503,3947,65,258,143,https://pbs.twimg.com/media/G-XATqtasAERBEE.jpg,https://x.com/idrinkbooba/status/2010224258375684135,-,-,-,Day 1 menanam sawit di game TheoTown 😭 https://t.co/Dnxkw2ZGU8
2022689086721728710,Sat Feb 14 22:07:12 +0700 2026,1151136996791685121,Vante_Mrs,Vinn,@aiukimaru,-,-,in,0,0,0,0,1599,0,-,https://x.com/Vante_Mrs/status/2022689086721728710,retweeted,2011748701795205378,aiukimaru,"RT @aiukimaru: ""Nanti ada lima layar. Member dibawa dari atas, jadi di lagu ON kita bisa praktek koreo memutar. Begitu lagu selesai, drum diangkut keluar.""  ""Berarti di IDOL, penarinya muncul dari tiga arah?""  ""Nah, cocok. Terus sebelah sana masih ada ruang kosong, kan? Kita bisa tanami sawit."" https://t.co/dQUqRwxwN0"
2023789875749941665,Tue Feb 17 23:01:21 +0700 2026,1980053392740511744,Yuyoprim,Yuu Yoo,@aiukimaru,-,-,in,0,0,0,0,1599,0,-,https://x.com/Yuyoprim/status/2023789875749941665,retweeted,2011748701795205378,aiukimaru,"RT @aiukimaru: ""Nanti ada lima layar. Member dibawa dari atas, jadi di lagu ON kita bisa praktek koreo memutar. Begitu lagu selesai, drum diangkut keluar.""  ""Berarti di IDOL, penarinya muncul dari tiga arah?""  ""Nah, cocok. Terus sebelah sana masih ada ruang kosong, kan? Kita bisa tanami sawit."" https://t.co/dQUqRwxwN0"
2021182076288971128,Tue Feb 10 18:18:53 +0700 2026,1833824699396317184,idkwtdhlp,avi,-,#singlesinferno5,"Edinburgh, Scotland",in,129,68492,3109,41,318,112,https://pbs.twimg.com/media/HAyuW09aAAQtmer.jpg,https://x.com/idkwtdhlp/status/2021182076288971128,-,-,-,"subeen: ""kamu tau ga nanti tanggal 14, hivi mau tampil, nonton yuk seng?""  seungil: ""lahan mana lagi yang kudu kita tanem sawit, mi?""  #singlesinferno5 https://t.co/grHgujpQDL"
2009842275246129214,Sat Jan 10 11:18:34 +0700 2026,1317479638487068674,MurtadhoRoy,Roy Murtadho,-,-,-,in,201,510254,31662,140,17186,1065,https://pbs.twimg.com/media/G-Rk4FNbwAAcaed.jpg,https://x.com/MurtadhoRoy/status/2009842275246129214,quoted,2008425387353886870,SoeTjenMarching,"Pada Juli 2024, Arbaini/dikenal Abah Nateh, aktivis lingkungan yg sangat lantang menentang perluasan perkebunan sawit &amp; pertambangan di Hulu Sungai Tengah Kalsel, dibunuh. Saya sempat jumpa beliau &amp; cerita bahwa sdh biasa diancam krn aktivitas jaga hutan Meratus. https://t.co/Ad0XGOujBA"
2019380745090003074,Thu Feb 05 19:01:02 +0700 2026,233905340,mandikecil,adnan,-,-,Kabupaten Semarang,in,413,520340,33253,381,11738,547,-,https://x.com/mandikecil/status/2019380745090003074,-,-,-,"Pemerintah kontol, MBG kontol, sawit kontol, hilirisasi nikel kontol, zionis kontol, dewasa kontol, cinta-cintaan kontol, mobile legends kontol"
2015399215883809160,Sun Jan 25 19:19:52 +0700 2026,1573184292057858049,sisilainpetrik,Hai Patrick ~ Jasa Desainnu,-,-,Coba tebak.,in,330,331272,35192,144,9041,432,-,https://x.com/sisilainpetrik/status/2015399215883809160,-,-,-,2023: Lengah dikit jadi Mixue 2024: Lengah dikit jadi Tomoro 2025: Lengah dikit jadi Sawit 2026: Lengah dikit jadi dapur MBG
2013464064853148106,Tue Jan 20 11:10:16 +0700 2026,1371650588,tanyarlfes,Tanyarlfes,-,-,Indonesia,in,516,835992,33942,601,3976,1653,https://pbs.twimg.com/media/G_FC5XyXQAAqoCL.jpg,https://x.com/tanyarlfes/status/2013464064853148106,-,-,-,"💚 kaget banget ternyata 1 dinar Kuwait udah senilai 55.500 Rupiah 😭😭😭 Kuwait modal minyak doang bisa jadi negara tajir dan Makmur, sementara konoha punya minyak, sawit, hutan tapi masih jadi negara miskin😭🤌🏻 https://t.co/F8BXB4NDc3"
2022270018571088170,Fri Feb 13 18:21:59 +0700 2026,848907782,saskia_obay,Saskia Sekarini,@plisitin,-,"Depok, Indonesia",in,0,0,0,0,16245,0,-,https://x.com/saskia_obay/status/2022270018571088170,retweeted,2001647704368386409,plisitin,RT @plisitin: pikiran lagi kosong tau-tau ditanemin sawit
2007100662014988360,Fri Jan 02 21:44:22 +0700 2026,67281504,tsetiady,𝑒𝑘𝑎𝑔𝑔𝑎𝑡𝑎,-,-,-,in,45,266941,20467,23,9024,307,-,https://x.com/tsetiady/status/2007100662014988360,-,-,-,"negara penghasil sawit gak kebagian minyak goreng, dapatnya cuma air banjir doang...  dapat pajak nggak,  dapat minyak nggak,  dapat bencana iya"
2020837737407172912,Mon Feb 09 19:30:36 +0700 2026,1666718933276332032,mencar882,𝐌𝐄𝐍𝐂𝐀𝐑,-,-,-,in,436,416822,35613,154,3166,550,https://pbs.twimg.com/media/HAt1NH8aoAArZqw.jpg,https://x.com/mencar882/status/2020837737407172912,-,-,-,di apk sebelah ada yg bilang namanya sawit pancake?? https://t.co/hudnyjcl4D
2008524007331733962,Tue Jan 06 20:00:14 +0700 2026,1156869918370873344,myshawti,Catholic 𐕣,-,-,"Jakarta Selatan, DKI Jakarta",in,223,205444,24866,132,6805,527,https://pbs.twimg.com/amplify_video_thumb/2008523937744080896/img/-qLPpdE4lkGNLYIl.jpg,https://x.com/myshawti/status/2008524007331733962,-,-,-,🇺🇸: ah minyak bumi 🤤 🇮🇩; ah minya sawit 🤤 https://t.co/xgxPuO4aYI
2022222360775164109,Fri Feb 13 15:12:36 +0700 2026,953288864,sexieest,leona,-,-,"Kota Surabaya, Jawa Timur",in,139,249410,27507,132,5973,366,-,https://x.com/sexieest/status/2022222360775164109,-,-,-,"warga indo tiap hari melawan penyakit sawit gila, kalau cuma ocehan knetz mah ibarat masuk telinga kanan keluar beli bakso"
2014938968501207375,Sat Jan 24 12:51:00 +0700 2026,1730941900792954881,russellates,ruby,-,-,63,in,955,619163,28185,243,4068,1200,-,https://x.com/russellates/status/2014938968501207375,-,-,-,berhubung gw juga 27 kalo misal ada bocah barely twenty ngomong ke gw you're the love of my life kayanya gw akan lebih percaya omongan sawit itu pohon sih....
2014319339235934597,Thu Jan 22 19:48:49 +0700 2026,115438018,sociotalker,Joel Picard,-,-,twitterville,in,591,282654,17879,882,7802,553,https://pbs.twimg.com/media/G_RMwySX0AAVDr-.jpg,https://x.com/sociotalker/status/2014319339235934597,-,-,-,"prabowonomics &gt;&gt; bisnis katering skala brutal, tanam sawit ugal2an, subsidi koperasi gila2an, militerisasi birokrasi sana sini, kendalikan bank sentral lewat ponakan. https://t.co/DFQuavccJh"
2013629094752329933,Tue Jan 20 22:06:02 +0700 2026,1745265761416056832,indepenSumatera,Sumatera Adil & Federal,-,-,england,in,162,456799,21565,221,7136,515,https://pbs.twimg.com/ext_tw_video_thumb/2013629051630489600/pu/img/XTwsPQx_tSfueiwO.jpg,https://x.com/indepenSumatera/status/2013629094752329933,-,-,-,Ini sih bener bener gila menurut gua 😡😡😡 Papua yang begitu indah sekarang sudah berubah jadi sawit💔🥀 https://t.co/rK2MV8UdvE
2016870121336426725,Thu Jan 29 20:44:43 +0700 2026,1228468489511292928,BarisanOpOsisi,Novie Anwar,-,-,"Cibinong, Indonesia",in,133,189511,16733,189,7781,289,https://pbs.twimg.com/media/G_1cr_kbQAATG70.jpg,https://x.com/BarisanOpOsisi/status/2016870121336426725,-,-,-,"Urusan IKN belum kelar Whoosh belum kelar Bencana belum Kelar Sawit belum kelar Sekarang udah gabung zionist.   Kebanyakan banget gebrakannya sampe rakyat kewalahan.   *Sekian lama gagal jadi presiden, begitu jadi presiden gagal 🫣🫣😤😤 https://t.co/gzZTh1uXTM"
2018227650054193603,Mon Feb 02 14:39:03 +0700 2026,929287558281830400,yaniarsim,¥@N'$,-,-,Indonesia,in,306,253489,15226,549,6497,358,https://pbs.twimg.com/ext_tw_video_thumb/2018227604852207616/pu/img/0kxoB00Hhs7-ARau.jpg,https://x.com/yaniarsim/status/2018227650054193603,-,-,-,Nangkep koruptor Pidato Ngasih bantuan Pidato Nolak bantuan Pidato Tanam sawit Pidato Dikritik....Pidato Marah...Pidato Ujung2nya......Hai antek2 asing Padahal dia sendiri antek asing. Dialah Prabowo Sawitanto  Giliran nambah utang 832 T diem2 bae https://t.co/xrNm7YtJlN
2021588893464690864,Wed Feb 11 21:15:26 +0700 2026,1303996139931275264,puri__nim,puri🍉,-,-,unpaid labour yang demen asbun,in,472,421004,21856,117,4176,499,-,https://x.com/puri__nim/status/2021588893464690864,-,-,-,"Lagian diskursus SEA vs Korea ini kalo dibales dengan ""SEA rata-rata pemerintahnya jelek soalnya gabisa biayain soft diplomacy pake musik mereka"" kita semua juga bakal diem. Lu pada masih aja ngide pake ""jungle Asia"" yadda-yadda itu, udah gak jungle lagi shay, dah diganti sawit."
2022482403139420518,Sat Feb 14 08:25:55 +0700 2026,1313284037343997952,starhopeRs1_,Star Hope 🎗️(Harap Akan Tuhan),@mandikecil,-,Malang,in,0,0,0,0,11740,0,-,https://x.com/starhopeRs1_/status/2022482403139420518,retweeted,2019380745090003074,mandikecil,"RT @mandikecil: Pemerintah kontol, MBG kontol, sawit kontol, hilirisasi nikel kontol, zionis kontol, dewasa kontol, cinta-cintaan kontol, mobile legends kontol"
2022964083230933229,Sun Feb 15 16:19:56 +0700 2026,1553692563261071362,RenLevy2,Ren Levy,@mandikecil,-,-,in,0,0,0,0,11739,0,-,https://x.com/RenLevy2/status/2022964083230933229,retweeted,2019380745090003074,mandikecil,"RT @mandikecil: Pemerintah kontol, MBG kontol, sawit kontol, hilirisasi nikel kontol, zionis kontol, dewasa kontol, cinta-cintaan kontol, mobile legends kontol"
2022682285305401534,Sat Feb 14 21:40:11 +0700 2026,1535267926449631232,kkurassu_,ikanpepes☆!,@mandikecil,-,Bangsal 127,in,0,0,0,0,11739,0,-,https://x.com/kkurassu_/status/2022682285305401534,retweeted,2019380745090003074,mandikecil,"RT @mandikecil: Pemerintah kontol, MBG kontol, sawit kontol, hilirisasi nikel kontol, zionis kontol, dewasa kontol, cinta-cintaan kontol, mobile legends kontol"
2023570871118688620,Tue Feb 17 08:31:06 +0700 2026,1260936807371296774,tracebacks,syupesya 📚📖📚,@mandikecil,-,-,in,0,0,0,0,11738,0,-,https://x.com/tracebacks/status/2023570871118688620,retweeted,2019380745090003074,mandikecil,"RT @mandikecil: Pemerintah kontol, MBG kontol, sawit kontol, hilirisasi nikel kontol, zionis kontol, dewasa kontol, cinta-cintaan kontol, mobile legends kontol"
2021563255576289497,Wed Feb 11 19:33:33 +0700 2026,1930960308614705152,monkey86143,noobmaster128,@mandikecil,-,-,in,0,0,0,0,11737,0,-,https://x.com/monkey86143/status/2021563255576289497,retweeted,2019380745090003074,mandikecil,"RT @mandikecil: Pemerintah kontol, MBG kontol, sawit kontol, hilirisasi nikel kontol, zionis kontol, dewasa kontol, cinta-cintaan kontol, mobile legends kontol"
2021474869339422768,Wed Feb 11 13:42:20 +0700 2026,1750712668644921344,hrnyaftrsad,hrnyaftrsad,@mandikecil,-,-,in,0,0,0,0,11737,0,-,https://x.com/hrnyaftrsad/status/2021474869339422768,retweeted,2019380745090003074,mandikecil,"RT @mandikecil: Pemerintah kontol, MBG kontol, sawit kontol, hilirisasi nikel kontol, zionis kontol, dewasa kontol, cinta-cintaan kontol, mobile legends kontol"
2022277675608662461,Fri Feb 13 18:52:24 +0700 2026,1654751638421372930,maioumei,me,@mandikecil,-,-,in,0,0,0,0,11737,0,-,https://x.com/maioumei/status/2022277675608662461,retweeted,2019380745090003074,mandikecil,"RT @mandikecil: Pemerintah kontol, MBG kontol, sawit kontol, hilirisasi nikel kontol, zionis kontol, dewasa kontol, cinta-cintaan kontol, mobile legends kontol"
2022146852544819234,Fri Feb 13 10:12:33 +0700 2026,1418451445574078465,anatiaa_na,tianaa,@mandikecil,-,-,in,0,0,0,0,11736,0,-,https://x.com/anatiaa_na/status/2022146852544819234,retweeted,2019380745090003074,mandikecil,"RT @mandikecil: Pemerintah kontol, MBG kontol, sawit kontol, hilirisasi nikel kontol, zionis kontol, dewasa kontol, cinta-cintaan kontol, mobile legends kontol"
2021910476716978300,Thu Feb 12 18:33:17 +0700 2026,1673236247471599618,Defiz698,go with the flow,@mandikecil,-,-,in,0,0,0,0,11736,0,-,https://x.com/Defiz698/status/2021910476716978300,retweeted,2019380745090003074,mandikecil,"RT @mandikecil: Pemerintah kontol, MBG kontol, sawit kontol, hilirisasi nikel kontol, zionis kontol, dewasa kontol, cinta-cintaan kontol, mobile legends kontol"
2021925601683419469,Thu Feb 12 19:33:23 +0700 2026,2515464318,sorrynnotsrry,farhan,@mandikecil,-,-,in,0,0,0,0,11736,0,-,https://x.com/sorrynnotsrry/status/2021925601683419469,retweeted,2019380745090003074,mandikecil,"RT @mandikecil: Pemerintah kontol, MBG kontol, sawit kontol, hilirisasi nikel kontol, zionis kontol, dewasa kontol, cinta-cintaan kontol, mobile legends kontol"
2007270549874180312,Sat Jan 03 08:59:27 +0700 2026,506059176,Urrangawak,Cakrawalá Nusantará,-,-,🇮🇩 Pancasila,in,708,459116,18356,823,4092,386,https://pbs.twimg.com/media/G9tB7XqagAAnc-2.jpg,https://x.com/Urrangawak/status/2007270549874180312,-,-,-,"Kebun Sawit kaget melihat Distan kaget, emang bisa ""abrakadabra"" 🤣🤣 https://t.co/9paosRRPsP"
2019714423313813943,Fri Feb 06 17:06:57 +0700 2026,159919812,Dandhy_Laksono,Dandhy Laksono,-,-,-,in,528,291328,15236,550,5448,384,https://pbs.twimg.com/media/HAd3j45bIAA-eG7.jpg,https://x.com/Dandhy_Laksono/status/2019714423313813943,-,-,-,"Orang waras justru waspada saat negara lain nyuruh kita gaspol sawit, jagung, dan tebu untuk biofuel. Atau nikel dan batubara.   Karena seharusnya dibaca begini:  ""Lu aja yang habisin hutan dan bonyok duluan, gih. Gue tinggal beli dari lu aja"". https://t.co/RkQMTrdvXh"
2023981831121760293,Wed Feb 18 11:44:06 +0700 2026,1619033226919682048,txtanomali,txtanomali,-,-,Brainrot,in,74,744339,24009,108,2670,983,-,https://x.com/txtanomali/status/2023981831121760293,-,-,-,"Komenan knetz vs SEAblings: “semiskin miskinnya indo, kita masih punya tanah buat kuburin myt, gadimasukin ke toples”🙏🏻  “kalian tinggal di hutan ya?” “kita juga maunya gitu tp sekarang udah jadi sawit😭”  knetz: (post foto kulit indo yg katanya gelap) indo: “kita juga punya manusia silver🤣”  “knetz: UMR kalian tuh kecil cuma 25jt indo: salah itu kurang komanya harusnya 2,5jt aja😭”  “knetz: pemerintahan kalian noh jelek! indo: makasih udah speakup🙏🏻”  gakuat, yg sara n jelek lainnya stop ya🙏🏻"
2023338263029952957,Mon Feb 16 17:06:48 +0700 2026,1915314237058293760,QueenImaIsBack,Salima; Majene-Gane-Kaur 🌶️,-,-,-,in,97,244494,15838,66,5866,279,-,https://x.com/QueenImaIsBack/status/2023338263029952957,quoted,2023324560846975131,0tk0il,Jangan pernah maafkan mafia sawit minyak goreng yg berhasil membuat pemerintah diem aja mengatur minyak sawit goreng mereka dr tadinya CUMA 24-28 RIBU SAJA PER DUA LITER skrg EMPAT PULUH RIBU SEJAK 2023
2018270438003179751,Mon Feb 02 17:29:04 +0700 2026,1282344685399240706,ceritatehfidy,𝐅𝐢𝐝𝐲.,-,-,-,in,67,200446,16503,106,5626,161,-,https://x.com/ceritatehfidy/status/2018270438003179751,quoted,2018233050484851128,tempodotco,"Stop bgt ga sih kl ngomong demi rakyat demi rakyat terus 😭 pak tolong itu bencana bencana aja dulu di selesaikan, jangan gila sawit gini 😭"
2018558430651588830,Tue Feb 03 12:33:27 +0700 2026,272817152,TaliUdeng,Sυɳαɳ Sαɾƙҽɱ 𝙎𝙑𝘿,-,-,Kasunanan Sarkem Tanpobusono,in,670,365965,12541,268,5586,776,https://pbs.twimg.com/media/HANcMaAaoAAWIXE.jpg,https://x.com/TaliUdeng/status/2018558430651588830,-,-,-,"Tahu ga ngaruhnya jika Sawit didefinisikan sebagai POHON dan BUKAN TUMBUHAN?  Secara ilmiah Sawit itu tumbuhan monokotil dan tidak berkayu, jadi jelas bukan pohon.  Dilihat dari segi hukum lebih salah lagi..jika dinamakan POHON maka jika hutan kita digunduli dan ditanam sawit itu bukan DEFORESTASI, krena ditanami ulang dengan POHON.  Segitunya cinta kepada Sawit.."
2013033908594778517,Mon Jan 19 06:40:58 +0700 2026,1040306964100669440,NenkMonica,𝕸𝖔𝖓𝖎𝖈𝖆 ᴼᶠᶠⁱᶜⁱᵃˡ,-,-,"Bandung, Indonesia",in,188,134829,13460,135,5619,257,https://pbs.twimg.com/amplify_video_thumb/2013033837987512320/img/8Tv7ieE4B6vrJ_pg.jpg,https://x.com/NenkMonica/status/2013033908594778517,-,-,-,"Potret memilukan individu gajah Borneo pulang, namun dia termenung melihat rumah yang dulunya rimba sekarang rata dengan tanah.  Ingatannya kuat, tapi rumahnya tidak, berganti dengan sawit yang berjejer di belakangnya. https://t.co/CzGsarmeo8"
2022864154391122353,Sun Feb 15 09:42:52 +0700 2026,1993332705153691648,adekseonghyeonn,yie preman,-,-,-,in,235,122292,15185,98,4382,1206,https://pbs.twimg.com/media/HBKoN4GbUAAov_H.jpg,https://x.com/adekseonghyeonn/status/2022864154391122353,-,-,-,"cintaku kepadamu bagaikan kisah prabowo dengan sawit. menyebar luas dimana-mana, hingga ke pelosok negeri. dimana ada lahan kosong, itu pasti ada sawit. oh, sayangku sawit yang kucinta. https://t.co/Pm8hA9KQ5P"
2014931590141608058,Sat Jan 24 12:21:41 +0700 2026,1169986937802743813,ayamgota,mutiara,-,-,-,in,297,1114686,17599,163,3015,591,-,https://x.com/ayamgota/status/2014931590141608058,-,-,-,"lulu bukan cuman voter, tapi ngepromosiin penjahat ham jadi presiden, sekarang kita dipimpin orang tamak yang cinta sawit sampe buat banjir dimana-mana. trus pas kita nolak berempati atas wafat nya lulu dibilang buta dalam moril? thankyewrrrr 💅💅💅"
2011383342470680883,Wed Jan 14 17:22:13 +0700 2026,187182071,white_lyly,○Lily Evans○,@tempodotco;@pandji,-,Godric Gallow,in,41,304589,11502,113,5097,250,-,https://x.com/white_lyly/status/2011383342470680883,replied,2011370205037965583,tempodotco,@tempodotco Barang bukti lain? @pandji ini ngapain sih? Bunuh Gama? Melindas Affan Kurniawan? Menculik pendemo? Nanam sawit? Korupsi BBM?
2006625583283986519,Thu Jan 01 14:16:35 +0700 2026,159919812,Dandhy_Laksono,Dandhy Laksono,-,-,-,in,33,148130,10764,188,5241,321,-,https://x.com/Dandhy_Laksono/status/2006625583283986519,-,-,-,"Waspada antek asing Demo ditunggangi koruptor Kabur Aja Dulu? Kabur aja lu Kasus keracunan MBG cuma 0,00017% Apa itu deforestasi? Sawit juga pohon Bencana cuma di 3/38 provinsi Selamat Tahun Baru 2021  Dalam sejarah, raja yang incapable justru dipertahankan untuk dimanfaatkan."
2024009922103701546,Wed Feb 18 13:35:44 +0700 2026,1356985516172926977,Skrursula,I don't know what to do anymore,@sisilainpetrik,-,-,in,0,0,0,0,9041,0,-,https://x.com/Skrursula/status/2024009922103701546,retweeted,2015399215883809160,sisilainpetrik,RT @sisilainpetrik: 2023: Lengah dikit jadi Mixue 2024: Lengah dikit jadi Tomoro 2025: Lengah dikit jadi Sawit 2026: Lengah dikit jadi dapur MBG
2022595408036536800,Sat Feb 14 15:54:57 +0700 2026,1777465650858074112,boopadoop_a,j 🪼,@sisilainpetrik,-,-,in,0,0,0,0,9041,0,-,https://x.com/boopadoop_a/status/2022595408036536800,retweeted,2015399215883809160,sisilainpetrik,RT @sisilainpetrik: 2023: Lengah dikit jadi Mixue 2024: Lengah dikit jadi Tomoro 2025: Lengah dikit jadi Sawit 2026: Lengah dikit jadi dapur MBG
2010721683846648060,Mon Jan 12 21:33:01 +0700 2026,795498951336075264,SammiSoh,Pemerhati Hukum Emperan,-,-,-,in,87,505371,13035,343,3766,471,https://pbs.twimg.com/ext_tw_video_thumb/2010721637960949760/pu/img/YYbXbyWY3sJmlPnW.jpg,https://x.com/SammiSoh/status/2010721683846648060,-,-,-,Pengusaha sawit memakai pejabat negara di garis depan dalam penguasaan tanah adat. Akhirnya para pemuda Dayak adat angkat bicara dan berkemungkinan bisa angkat senjata.  Tolong kita semua jaga Kalimantan jgn sampai perang konflik atau perang agama lagi. https://t.co/RtC9nbRQda
2020096532717109641,Sat Feb 07 18:25:19 +0700 2026,1745265761416056832,indepenSumatera,Sumatera Adil & Federal,-,-,england,in,31,129069,7878,26,5448,166,https://pbs.twimg.com/ext_tw_video_thumb/2020096502987898880/pu/img/dYznt_Tpm6LR0IFG.jpg,https://x.com/indepenSumatera/status/2020096532717109641,-,-,-,"🚨 SATWA ENDEMIK KALIMANTAN YANG TERANCAM PUNAH  Satwa Endemik Kalimantan yang Populasinya Sangat Terancam Punah Gajah Kalimantan (Borneo / Bornean Elephant) Gajah Kalimantan secara genetik berbeda dari gajah Asia di daratan utama. Populasinya diperkirakan kurang dari 1.500 ekor, dengan jumlah reproduksi dewasa sekitar 400 ekor. Habitat mereka terus menyusut karena deforestasi, ekspansi perkebunan sawit, tambang, dan konflik manusia — sekitar 60 % habitat hilang dalam 40 tahun terakhir. Orangutan Kalimantan (Orangutan Borneo / Bornean Orangutan) Dulunya tersebar luas di Kalimantan, kini populasinya menurun drastis. Sekitar lebih dari 50% habitat hilang dalam 20 tahun terakhir dan populasi mengalami penurunan tajam selama 60 tahun terakhir. Ada tiga subspesies: Northwest Borneo ~3.000 ekor, Northeast ~16.000 (termasuk di Kalimantan Timur) dan Central ~35.000 ekor. Badak Kalimantan (Bornean Rhino / Bornean Rhinoceros, Dicerorhinus sumatrensis harrisoni) Badak Kalimantan berada di ambang kepunahan—hanya 2 individu yang dipastikan tersisa: Pari (masih di alam liar) dan Pahu (sudah dalam pusat konservasi). Untuk menyelamatkan spesiesnya, pemerintah merencanakan relokasi Pari ke kawasan konservasi yang lebih aman. Pesut Mahakam (Dolphin Air Tawar Mahakam / Irrawaddy Dolphin di Sungai Mahakam, Orcaella brevirostris) Pesut Mahakam adalah satu-satunya lumba-lumba air tawar di sungai Kalimantan. Statusnya Sangat Terancam Punah / Kritikal. Populasinya diperkirakan sekitar 60–70 ekor di alam liar menurut survei terkini. Ancaman utama termasuk terjerat jaring nelayan (≈ 66% angka kematian), benturan kapal, polusi, dan gangguan habitat. Ajakan 🌱 Mari kita bersama lindungi warisan alam Kalimantan! Dukung organisasi konservasi lokal & internasional Promosikan penggunaan alternatif terhadap produk yang merusak habitat (misalnya sawit berkelanjutan) Edukasikan masyarakat di sekitar habitat satwa Tekankan pentingnya koridor satwa dan perlindungan kawasan inti Sumber Utama IUCN / WWF / Natural History Museum: data Gajah Kalimantan WWF & laporan konservasi: data Orangutan ANTARA News: pernyataan relokasi badak ANTARA & KLH: data Pesut Mahakam Yayasan RASI: survei jangka panjang Pesut"
2012692666132115565,Sun Jan 18 08:05:00 +0700 2026,1344462541200625664,CaerulaAki,Caerula Aki🌹💙【AKA Virtual】,-,-,b:@Izumi_IND,in,2214,620585,8425,2488,927,529,-,https://x.com/CaerulaAki/status/2012692666132115565,-,-,-,Coba ganti 1 kata dalam judul anime menjadi kata sawit I start first  Boku no Sawit
2012772729846698106,Sun Jan 18 13:23:08 +0700 2026,1602489136761700353,rystarkeyyy,iyoo',-,-,disini ,en,310,704732,10304,60,3477,389,https://pbs.twimg.com/media/G-7OIX8XoAAsX20.jpg,https://x.com/rystarkeyyy/status/2012772729846698106,-,-,-,attack on sawit https://t.co/LRFYuESydW
2024548065529778573,Fri Feb 20 01:14:07 +0700 2026,1304362528529555458,Dinooleaf,Leafff,@tanyakanrl,-,-,in,0,0,0,0,7352,0,-,https://x.com/Dinooleaf/status/2024548065529778573,retweeted,1965721959796257173,tanyakanrl,"RT @tanyakanrl: 💚 guys minta tolong buat viralin, pagi ini anak gajah tari meninggal, besar kemungkinan diracun, tahun lalu pun ada gajah kapten yg diracun serta dicuri belalainya, dan ini ulah mafia tanah dan pendatang yg make kawasan hutan sebagai ladang sawit dan pemukiman https://t.co/mYXzbQ6hNi"
2023293616089952394,Mon Feb 16 14:09:23 +0700 2026,1740764198475575296,salunanulas,saluna,@tanyakanrl,-,-,in,0,0,0,0,7348,0,-,https://x.com/salunanulas/status/2023293616089952394,retweeted,1965721959796257173,tanyakanrl,"RT @tanyakanrl: 💚 guys minta tolong buat viralin, pagi ini anak gajah tari meninggal, besar kemungkinan diracun, tahun lalu pun ada gajah kapten yg diracun serta dicuri belalainya, dan ini ulah mafia tanah dan pendatang yg make kawasan hutan sebagai ladang sawit dan pemukiman https://t.co/mYXzbQ6hNi"
2023234495751868623,Mon Feb 16 10:14:28 +0700 2026,1050561142165131264,Kookphorriaa,kookphoria⁷💜,@tanyakanrl,-,"Bali, Indonesia",in,0,0,0,0,7348,0,-,https://x.com/Kookphorriaa/status/2023234495751868623,retweeted,1965721959796257173,tanyakanrl,"RT @tanyakanrl: 💚 guys minta tolong buat viralin, pagi ini anak gajah tari meninggal, besar kemungkinan diracun, tahun lalu pun ada gajah kapten yg diracun serta dicuri belalainya, dan ini ulah mafia tanah dan pendatang yg make kawasan hutan sebagai ladang sawit dan pemukiman https://t.co/mYXzbQ6hNi"
2022884461390790956,Sun Feb 15 11:03:33 +0700 2026,1761234373243027456,kimcatoo,Kim,@tanyakanrl,-,-,in,0,0,0,0,7348,0,-,https://x.com/kimcatoo/status/2022884461390790956,retweeted,1965721959796257173,tanyakanrl,"RT @tanyakanrl: 💚 guys minta tolong buat viralin, pagi ini anak gajah tari meninggal, besar kemungkinan diracun, tahun lalu pun ada gajah kapten yg diracun serta dicuri belalainya, dan ini ulah mafia tanah dan pendatang yg make kawasan hutan sebagai ladang sawit dan pemukiman https://t.co/mYXzbQ6hNi"
2023862814411296919,Wed Feb 18 03:51:11 +0700 2026,2009233885650145281,86Jamaica52578,Jamaica 86,@indepenSumatera,-,-,in,0,0,0,0,7136,0,-,https://x.com/86Jamaica52578/status/2023862814411296919,retweeted,2013629094752329933,indepenSumatera,RT @indepenSumatera: Ini sih bener bener gila menurut gua 😡😡😡 Papua yang begitu indah sekarang sudah berubah jadi sawit💔🥀 https://t.co/rK2MV8UdvE
2023828183066591655,Wed Feb 18 01:33:34 +0700 2026,1525880650829467648,intinyadeh,intinyadeh,-,#intinyadeh;#sawityowit,di ujung lidah tapi gak keluar,in,64,756699,14285,99,1365,440,-,https://x.com/intinyadeh/status/2023828183066591655,quoted,2023288306868592928,vindestwitt,"#intinyadeh memasuki bulan puasa, Vindes ngajakin main #sawityowit (sahur with your twitter)  Tapi krn mengandung kata ""sawit"" yg jd makin sensitif sejak bencana Sumatra + kata ""nyawit"" sekarang udh jd istilah baru + Desta dulu ikut kampanye Prabowo pas Pilpres, tweetnya jd rame."
2023786074343162110,Tue Feb 17 22:46:14 +0700 2026,235257801,vbxyz,vbxyz,@yaniarsim,-,JKT. BDO. DIY. Indonesia ,in,0,0,0,0,6497,0,-,https://x.com/vbxyz/status/2023786074343162110,retweeted,2018227650054193603,yaniarsim,RT @yaniarsim: Nangkep koruptor Pidato Ngasih bantuan Pidato Nolak bantuan Pidato Tanam sawit Pidato Dikritik....Pidato Marah...Pidato Ujung2nya......Hai antek2 asing Padahal dia sendiri antek asing. Dialah Prabowo Sawitanto  Giliran nambah utang 832 T diem2 bae https://t.co/xrNm7YtJlN
2023076924013289751,Sun Feb 15 23:48:20 +0700 2026,3145692192,SAfiff,Suraya Afiff,@yaniarsim,-,-,in,0,0,0,0,6495,0,-,https://x.com/SAfiff/status/2023076924013289751,retweeted,2018227650054193603,yaniarsim,RT @yaniarsim: Nangkep koruptor Pidato Ngasih bantuan Pidato Nolak bantuan Pidato Tanam sawit Pidato Dikritik....Pidato Marah...Pidato Ujung2nya......Hai antek2 asing Padahal dia sendiri antek asing. Dialah Prabowo Sawitanto  Giliran nambah utang 832 T diem2 bae https://t.co/xrNm7YtJlN
2023640325005443078,Tue Feb 17 13:07:05 +0700 2026,181191888,ACHMADSUHAWI,ACHMAD SUHAWI,@yaniarsim,-,indonesia raya,in,0,0,0,0,6495,0,-,https://x.com/ACHMADSUHAWI/status/2023640325005443078,retweeted,2018227650054193603,yaniarsim,RT @yaniarsim: Nangkep koruptor Pidato Ngasih bantuan Pidato Nolak bantuan Pidato Tanam sawit Pidato Dikritik....Pidato Marah...Pidato Ujung2nya......Hai antek2 asing Padahal dia sendiri antek asing. Dialah Prabowo Sawitanto  Giliran nambah utang 832 T diem2 bae https://t.co/xrNm7YtJlN
2017048892190445642,Fri Jan 30 08:35:05 +0700 2026,1040306964100669440,NenkMonica,𝕸𝖔𝖓𝖎𝖈𝖆 ᴼᶠᶠⁱᶜⁱᵃˡ,-,-,"Bandung, Indonesia",in,143,143861,6843,234,3615,148,https://pbs.twimg.com/ext_tw_video_thumb/2017048859114164226/pu/img/6OrsFCZ1bp21OmSN.jpg,https://x.com/NenkMonica/status/2017048892190445642,-,-,-,"Rumahnya direbut tuk sawit, ditembaki, dipasang ranjau paku besar, bahkan gajah kecil pun tertatih-tatih berlari.  Pelaku sabotase Taman Nasional Tesso Nilo melakukannya dengan sadar tanpa  rasa takut. https://t.co/vAxUOGkHHG"
2017540766982410283,Sat Jan 31 17:09:37 +0700 2026,1643452401846996992,michieblues,nip,-,-,24 y.o,in,143,131538,9652,100,2599,114,-,https://x.com/michieblues/status/2017540766982410283,-,-,-,"jangan pernah kosongin pikiranmu, takut ntar ditanemin sawit"
2024607434657161515,Fri Feb 20 05:10:02 +0700 2026,83070449,Damarholic,DAMAR PENGGARON,@sexieest,-,"Semarang, Indonesia",in,0,0,0,0,5975,0,-,https://x.com/Damarholic/status/2024607434657161515,retweeted,2022222360775164109,sexieest,"RT @sexieest: warga indo tiap hari melawan penyakit sawit gila, kalau cuma ocehan knetz mah ibarat masuk telinga kanan keluar beli bakso"
2022670447163441569,Sat Feb 14 20:53:08 +0700 2026,2995529148,tiyas_maulidya,your ǝʌol,@sexieest,-,alone in mars,in,0,1,0,0,5973,0,-,https://x.com/tiyas_maulidya/status/2022670447163441569,retweeted,2022222360775164109,sexieest,"RT @sexieest: warga indo tiap hari melawan penyakit sawit gila, kalau cuma ocehan knetz mah ibarat masuk telinga kanan keluar beli bakso"
2022670340535795875,Sat Feb 14 20:52:43 +0700 2026,1076873132806332416,Sriwaay45,Sii,@sexieest,-,"Cirebon Timur, Indonesia",in,0,0,0,0,5973,0,-,https://x.com/Sriwaay45/status/2022670340535795875,retweeted,2022222360775164109,sexieest,"RT @sexieest: warga indo tiap hari melawan penyakit sawit gila, kalau cuma ocehan knetz mah ibarat masuk telinga kanan keluar beli bakso"
2022670110092304556,Sat Feb 14 20:51:48 +0700 2026,1786012775535591424,oyineeuell,qnitaa #Alethra💫,@sexieest,-,-,in,0,0,0,0,5973,0,-,https://x.com/oyineeuell/status/2022670110092304556,retweeted,2022222360775164109,sexieest,"RT @sexieest: warga indo tiap hari melawan penyakit sawit gila, kalau cuma ocehan knetz mah ibarat masuk telinga kanan keluar beli bakso"
2022670016831983730,Sat Feb 14 20:51:26 +0700 2026,1659989589225009152,the1onlyxca,✨,@sexieest,-,-,in,0,0,0,0,5973,0,-,https://x.com/the1onlyxca/status/2022670016831983730,retweeted,2022222360775164109,sexieest,"RT @sexieest: warga indo tiap hari melawan penyakit sawit gila, kalau cuma ocehan knetz mah ibarat masuk telinga kanan keluar beli bakso"
2022669988012937314,Sat Feb 14 20:51:19 +0700 2026,1496325979090071552,Dandelyyyn,Lynn,@sexieest,-,-,in,0,0,0,0,5973,0,-,https://x.com/Dandelyyyn/status/2022669988012937314,retweeted,2022222360775164109,sexieest,"RT @sexieest: warga indo tiap hari melawan penyakit sawit gila, kalau cuma ocehan knetz mah ibarat masuk telinga kanan keluar beli bakso"
2022669502224515140,Sat Feb 14 20:49:23 +0700 2026,1617515303940018176,Mifta170,Mifta1737,@sexieest,-,-,in,0,0,0,0,5973,0,-,https://x.com/Mifta170/status/2022669502224515140,retweeted,2022222360775164109,sexieest,"RT @sexieest: warga indo tiap hari melawan penyakit sawit gila, kalau cuma ocehan knetz mah ibarat masuk telinga kanan keluar beli bakso"
2022668897040896008,Sat Feb 14 20:46:59 +0700 2026,1448616803140194306,introkamvret,gibran rakaGOONING,@sexieest,-,-,in,0,0,0,0,5973,0,-,https://x.com/introkamvret/status/2022668897040896008,retweeted,2022222360775164109,sexieest,"RT @sexieest: warga indo tiap hari melawan penyakit sawit gila, kalau cuma ocehan knetz mah ibarat masuk telinga kanan keluar beli bakso"
2022668656912797922,Sat Feb 14 20:46:01 +0700 2026,1823966161127796736,minchucul,asha,@sexieest,-,-,in,0,0,0,0,5973,0,-,https://x.com/minchucul/status/2022668656912797922,retweeted,2022222360775164109,sexieest,"RT @sexieest: warga indo tiap hari melawan penyakit sawit gila, kalau cuma ocehan knetz mah ibarat masuk telinga kanan keluar beli bakso"
2022668368285962586,Sat Feb 14 20:44:53 +0700 2026,772750082806390784,xoxojs_,Yuzi Ona,@sexieest,-,-,in,0,0,0,0,5973,0,-,https://x.com/xoxojs_/status/2022668368285962586,retweeted,2022222360775164109,sexieest,"RT @sexieest: warga indo tiap hari melawan penyakit sawit gila, kalau cuma ocehan knetz mah ibarat masuk telinga kanan keluar beli bakso"
2022668121329537116,Sat Feb 14 20:43:54 +0700 2026,1034641919958179840,lemorknade,딘.,@sexieest,-,-,in,0,0,0,0,5973,0,-,https://x.com/lemorknade/status/2022668121329537116,retweeted,2022222360775164109,sexieest,"RT @sexieest: warga indo tiap hari melawan penyakit sawit gila, kalau cuma ocehan knetz mah ibarat masuk telinga kanan keluar beli bakso"
2022667876495454224,Sat Feb 14 20:42:55 +0700 2026,1751900367187804160,itslovew,itslovew,@sexieest,-,-,in,0,0,0,0,5973,0,-,https://x.com/itslovew/status/2022667876495454224,retweeted,2022222360775164109,sexieest,"RT @sexieest: warga indo tiap hari melawan penyakit sawit gila, kalau cuma ocehan knetz mah ibarat masuk telinga kanan keluar beli bakso"
2022667628402336009,Sat Feb 14 20:41:56 +0700 2026,1689928321436655616,reihanaalexsa,i'mjustalittlepuppy,@sexieest,-,-,in,0,0,0,0,5973,0,-,https://x.com/reihanaalexsa/status/2022667628402336009,retweeted,2022222360775164109,sexieest,"RT @sexieest: warga indo tiap hari melawan penyakit sawit gila, kalau cuma ocehan knetz mah ibarat masuk telinga kanan keluar beli bakso"
2022667616796705132,Sat Feb 14 20:41:53 +0700 2026,1766317008042491904,na2shhh,୨ৎ𝐧𝐚𝐧𝐚𝐬𝐡𝐢𝐞🍓🐣🧸✿,@sexieest,-,-,in,0,0,0,0,5973,0,-,https://x.com/na2shhh/status/2022667616796705132,retweeted,2022222360775164109,sexieest,"RT @sexieest: warga indo tiap hari melawan penyakit sawit gila, kalau cuma ocehan knetz mah ibarat masuk telinga kanan keluar beli bakso"
2022666595710177728,Sat Feb 14 20:37:50 +0700 2026,1306966586977214464,dirgawangy,a n g k y,@sexieest,-,-,in,0,0,0,0,5973,0,-,https://x.com/dirgawangy/status/2022666595710177728,retweeted,2022222360775164109,sexieest,"RT @sexieest: warga indo tiap hari melawan penyakit sawit gila, kalau cuma ocehan knetz mah ibarat masuk telinga kanan keluar beli bakso"
2022666542648082607,Sat Feb 14 20:37:37 +0700 2026,1266486582791430144,jehathoughts,jeha,@sexieest,-,-,in,0,0,0,0,5973,0,-,https://x.com/jehathoughts/status/2022666542648082607,retweeted,2022222360775164109,sexieest,"RT @sexieest: warga indo tiap hari melawan penyakit sawit gila, kalau cuma ocehan knetz mah ibarat masuk telinga kanan keluar beli bakso"
2022666483604873499,Sat Feb 14 20:37:23 +0700 2026,1574286769368887296,bluvvel,á,@sexieest,-,Indonesia,in,0,0,0,0,5973,0,-,https://x.com/bluvvel/status/2022666483604873499,retweeted,2022222360775164109,sexieest,"RT @sexieest: warga indo tiap hari melawan penyakit sawit gila, kalau cuma ocehan knetz mah ibarat masuk telinga kanan keluar beli bakso"
